{"train/iteration": 1, "train/epoch": 1, "train/loss": 775.985107421875, "_timestamp": 1694701350.3153498, "_runtime": 18.372665882110596, "_step": 0, "_wandb": {"runtime": 19}}