{"train/iteration": 1, "train/epoch": 1, "train/loss": 783.5557250976562, "_timestamp": 1694701962.7677956, "_runtime": 17.656432628631592, "_step": 0, "_wandb": {"runtime": 17}}