{"train/iteration": 119, "train/epoch": 11, "train/loss": 170.08609008789062, "_timestamp": 1693306097.7536786, "_runtime": 43.71186065673828, "_step": 118, "_wandb": {"runtime": 43}}